picture_file_nv,n_en,n_de,n_fr,adj_en,adj_de,adj_fr,continue_text_de,continue_text_en,continue_text_fr,n_foil_en,n_foil_de,n_foil_fr,correct_noun,ver_n_de,ver_n_en,ver_n_fr,adj_foil_en,adj_foil_de,adj_lemma_de,adj_foil_fr,adj_lemma_fr,ver_adj_en,ver_adj_de,ver_adj_fr
"PICTURE_405_BIG.jpg","anchor","Anker","ancre","big","großer","grande","Drücken Sie die Leertaste um fortzufahren","Press the spacebar to continue","Appuyez sur la barre d'espace pour continuer","hedgehog","Igel","hérisson",FALSE,"Igel","hedgehog","hérisson","old","alt","groß","vieux","grand","old","alt","vieux"
"PICTURE_405_LITTLE.jpg","anchor","Anker","ancre","little","kleiner","petite","Drücken Sie die Leertaste um fortzufahren","Press the spacebar to continue","Appuyez sur la barre d'espace pour continuer","basket","Korb","panier",FALSE,"Korb","basket","panier","new","neu","klein","nouveau","petit","new","neu","nouveau"
"PICTURE_405_NEW.jpg","anchor","Anker","ancre","new","neuer","nouvelle","Drücken Sie die Leertaste um fortzufahren","Press the spacebar to continue","Appuyez sur la barre d'espace pour continuer","pipe","Pfeife","pipe",FALSE,"Pfeife","pipe","pipe","big","groß","neu","grand","nouveau","big","groß","grand"
"PICTURE_405_OLD.jpg","anchor","Anker","ancre","old","alter","vieille","Drücken Sie die Leertaste um fortzufahren","Press the spacebar to continue","Appuyez sur la barre d'espace pour continuer","computer","Computer","ordinateur",FALSE,"Computer","computer","ordinateur","little","klein","alt","petit","vieux","little","klein","petit"
"PICTURE_405_BIG.jpg","anchor","Anker","ancre","big","großer","grande","Drücken Sie die Leertaste um fortzufahren","Press the spacebar to continue","Appuyez sur la barre d'espace pour continuer","hedgehog","Igel","hérisson",TRUE,"Anker","anchor","ancre","old","alt","groß","vieux","grand","big","groß","grand"
"PICTURE_405_LITTLE.jpg","anchor","Anker","ancre","little","kleiner","petite","Drücken Sie die Leertaste um fortzufahren","Press the spacebar to continue","Appuyez sur la barre d'espace pour continuer","basket","Korb","panier",TRUE,"Anker","anchor","ancre","new","neu","klein","nouveau","petit","little","klein","petit"
"PICTURE_405_NEW.jpg","anchor","Anker","ancre","new","neuer","nouvelle","Drücken Sie die Leertaste um fortzufahren","Press the spacebar to continue","Appuyez sur la barre d'espace pour continuer","pipe","Pfeife","pipe",TRUE,"Anker","anchor","ancre","big","groß","neu","grand","nouveau","new","neu","nouveau"
"PICTURE_405_OLD.jpg","anchor","Anker","ancre","old","alter","vieille","Drücken Sie die Leertaste um fortzufahren","Press the spacebar to continue","Appuyez sur la barre d'espace pour continuer","computer","Computer","ordinateur",TRUE,"Anker","anchor","ancre","little","klein","alt","petit","vieux","old","alt","vieux"
"PICTURE_585_BIG.jpg","ant","Ameise","fourmi","big","große","grande","Drücken Sie die Leertaste um fortzufahren","Press the spacebar to continue","Appuyez sur la barre d'espace pour continuer","cow","Kuh","vache",FALSE,"Kuh","cow","vache","little","klein","groß","petit","grand","little","klein","petit"
"PICTURE_585_LITTLE.jpg","ant","Ameise","fourmi","little","kleine","petite","Drücken Sie die Leertaste um fortzufahren","Press the spacebar to continue","Appuyez sur la barre d'espace pour continuer","cow","Kuh","vache",FALSE,"Kuh","cow","vache","big","groß","klein","grand","petit","big","groß","grand"
"PICTURE_585_NEW.jpg","ant","Ameise","fourmi","new","neue","nouvelle","Drücken Sie die Leertaste um fortzufahren","Press the spacebar to continue","Appuyez sur la barre d'espace pour continuer","bow","Bogen","arc",FALSE,"Bogen","bow","arc","old","alt","neu","vieux","nouveau","old","alt","vieux"
"PICTURE_585_OLD.jpg","ant","Ameise","fourmi","old","alte","vieille","Drücken Sie die Leertaste um fortzufahren","Press the spacebar to continue","Appuyez sur la barre d'espace pour continuer","island","Insel","île",FALSE,"Insel","island","île","new","neu","alt","nouveau","vieux","new","neu","nouveau"
"PICTURE_585_BIG.jpg","ant","Ameise","fourmi","big","große","grande","Drücken Sie die Leertaste um fortzufahren","Press the spacebar to continue","Appuyez sur la barre d'espace pour continuer","cow","Kuh","vache",TRUE,"Ameise","ant","fourmi","old","alt","groß","vieux","grand","big","groß","grand"
"PICTURE_585_LITTLE.jpg","ant","Ameise","fourmi","little","kleine","petite","Drücken Sie die Leertaste um fortzufahren","Press the spacebar to continue","Appuyez sur la barre d'espace pour continuer","cow","Kuh","vache",TRUE,"Ameise","ant","fourmi","big","groß","klein","grand","petit","little","klein","petit"
"PICTURE_585_NEW.jpg","ant","Ameise","fourmi","new","neue","nouvelle","Drücken Sie die Leertaste um fortzufahren","Press the spacebar to continue","Appuyez sur la barre d'espace pour continuer","bow","Bogen","arc",TRUE,"Ameise","ant","fourmi","little","klein","neu","petit","nouveau","new","neu","nouveau"
"PICTURE_585_OLD.jpg","ant","Ameise","fourmi","old","alte","vieille","Drücken Sie die Leertaste um fortzufahren","Press the spacebar to continue","Appuyez sur la barre d'espace pour continuer","island","Insel","île",TRUE,"Ameise","ant","fourmi","new","neu","alt","nouveau","vieux","old","alt","vieux"
"PICTURE_487_BIG.jpg","basket","Korb","panier","big","großer","grand","Drücken Sie die Leertaste um fortzufahren","Press the spacebar to continue","Appuyez sur la barre d'espace pour continuer","giraffe","Giraffe","girafe",FALSE,"Giraffe","giraffe","girafe","old","alt","groß","vieux","grand","old","alt","vieux"
"PICTURE_487_LITTLE.jpg","basket","Korb","panier","little","kleiner","petit","Drücken Sie die Leertaste um fortzufahren","Press the spacebar to continue","Appuyez sur la barre d'espace pour continuer","present","Geschenk","cadeau",FALSE,"Geschenk","present","cadeau","big","groß","klein","grand","petit","big","groß","grand"
"PICTURE_487_NEW.jpg","basket","Korb","panier","new","neuer","nouveau","Drücken Sie die Leertaste um fortzufahren","Press the spacebar to continue","Appuyez sur la barre d'espace pour continuer","anchor","Anker","ancre",FALSE,"Anker","anchor","ancre","little","klein","neu","petit","nouveau","little","klein","petit"
"PICTURE_487_OLD.jpg","basket","Korb","panier","old","alter","vieux","Drücken Sie die Leertaste um fortzufahren","Press the spacebar to continue","Appuyez sur la barre d'espace pour continuer","hedgehog","Igel","hérisson",FALSE,"Igel","hedgehog","hérisson","new","neu","alt","nouveau","vieux","new","neu","nouveau"
"PICTURE_487_BIG.jpg","basket","Korb","panier","big","großer","grand","Drücken Sie die Leertaste um fortzufahren","Press the spacebar to continue","Appuyez sur la barre d'espace pour continuer","giraffe","Giraffe","girafe",TRUE,"Korb","basket","panier","little","klein","groß","petit","grand","big","groß","grand"
"PICTURE_487_LITTLE.jpg","basket","Korb","panier","little","kleiner","petit","Drücken Sie die Leertaste um fortzufahren","Press the spacebar to continue","Appuyez sur la barre d'espace pour continuer","present","Geschenk","cadeau",TRUE,"Korb","basket","panier","new","neu","klein","nouveau","petit","little","klein","petit"
"PICTURE_487_NEW.jpg","basket","Korb","panier","new","neuer","nouveau","Drücken Sie die Leertaste um fortzufahren","Press the spacebar to continue","Appuyez sur la barre d'espace pour continuer","anchor","Anker","ancre",TRUE,"Korb","basket","panier","old","alt","neu","vieux","nouveau","new","neu","nouveau"
"PICTURE_487_OLD.jpg","basket","Korb","panier","old","alter","vieux","Drücken Sie die Leertaste um fortzufahren","Press the spacebar to continue","Appuyez sur la barre d'espace pour continuer","hedgehog","Igel","hérisson",TRUE,"Korb","basket","panier","big","groß","alt","grand","vieux","old","alt","vieux"
"PICTURE_343_BIG.jpg","bottle","Flasche","bouteille","big","große","grande","Drücken Sie die Leertaste um fortzufahren","Press the spacebar to continue","Appuyez sur la barre d'espace pour continuer","ostrich","Strauß","autruche",FALSE,"Strauß","ostrich","autruche","little","klein","groß","petit","grand","little","klein","petit"
"PICTURE_343_LITTLE.jpg","bottle","Flasche","bouteille","little","kleine","petite","Drücken Sie die Leertaste um fortzufahren","Press the spacebar to continue","Appuyez sur la barre d'espace pour continuer","ant","Ameise","fourmi",FALSE,"Ameise","ant","fourmi","new","neu","klein","nouveau","petit","new","neu","nouveau"
"PICTURE_343_NEW.jpg","bottle","Flasche","bouteille","new","neue","nouvelle","Drücken Sie die Leertaste um fortzufahren","Press the spacebar to continue","Appuyez sur la barre d'espace pour continuer","anchor","Anker","ancre",FALSE,"Anker","anchor","ancre","old","alt","neu","vieux","nouveau","old","alt","vieux"
"PICTURE_343_OLD.jpg","bottle","Flasche","bouteille","old","alte","vieille","Drücken Sie die Leertaste um fortzufahren","Press the spacebar to continue","Appuyez sur la barre d'espace pour continuer","butterfly","Schmetterling","papillon",FALSE,"Schmetterling","butterfly","papillon","big","groß","alt","grand","vieux","big","groß","grand"
"PICTURE_343_BIG.jpg","bottle","Flasche","bouteille","big","große","grande","Drücken Sie die Leertaste um fortzufahren","Press the spacebar to continue","Appuyez sur la barre d'espace pour continuer","ostrich","Strauß","autruche",TRUE,"Flasche","bottle","bouteille","little","klein","groß","petit","grand","big","groß","grand"
"PICTURE_343_LITTLE.jpg","bottle","Flasche","bouteille","little","kleine","petite","Drücken Sie die Leertaste um fortzufahren","Press the spacebar to continue","Appuyez sur la barre d'espace pour continuer","ant","Ameise","fourmi",TRUE,"Flasche","bottle","bouteille","old","alt","klein","vieux","petit","little","klein","petit"
"PICTURE_343_NEW.jpg","bottle","Flasche","bouteille","new","neue","nouvelle","Drücken Sie die Leertaste um fortzufahren","Press the spacebar to continue","Appuyez sur la barre d'espace pour continuer","anchor","Anker","ancre",TRUE,"Flasche","bottle","bouteille","big","groß","neu","grand","nouveau","new","neu","nouveau"
"PICTURE_343_OLD.jpg","bottle","Flasche","bouteille","old","alte","vieille","Drücken Sie die Leertaste um fortzufahren","Press the spacebar to continue","Appuyez sur la barre d'espace pour continuer","butterfly","Schmetterling","papillon",TRUE,"Flasche","bottle","bouteille","new","neu","alt","nouveau","vieux","old","alt","vieux"
"PICTURE_680_BIG.jpg","bow","Bogen","arc","big","großer","grand","Drücken Sie die Leertaste um fortzufahren","Press the spacebar to continue","Appuyez sur la barre d'espace pour continuer","eye","Auge","oeil",FALSE,"Auge","eye","oeil","little","klein","groß","petit","grand","little","klein","petit"
"PICTURE_680_LITTLE.jpg","bow","Bogen","arc","little","kleiner","petit","Drücken Sie die Leertaste um fortzufahren","Press the spacebar to continue","Appuyez sur la barre d'espace pour continuer","snail","Schnecke","escargot",FALSE,"Schnecke","snail","escargot","old","alt","klein","vieux","petit","old","alt","vieux"
"PICTURE_680_NEW.jpg","bow","Bogen","arc","new","neuer","nouvel","Drücken Sie die Leertaste um fortzufahren","Press the spacebar to continue","Appuyez sur la barre d'espace pour continuer","hedgehog","Igel","hérisson",FALSE,"Igel","hedgehog","hérisson","big","groß","neu","grand","nouveau","big","groß","grand"
"PICTURE_680_OLD.jpg","bow","Bogen","arc","old","alter","vieil","Drücken Sie die Leertaste um fortzufahren","Press the spacebar to continue","Appuyez sur la barre d'espace pour continuer","snail","Schnecke","escargot",FALSE,"Schnecke","snail","escargot","new","neu","alt","nouveau","vieux","new","neu","nouveau"
"PICTURE_680_BIG.jpg","bow","Bogen","arc","big","großer","grand","Drücken Sie die Leertaste um fortzufahren","Press the spacebar to continue","Appuyez sur la barre d'espace pour continuer","eye","Auge","oeil",TRUE,"Bogen","bow","arc","old","alt","groß","vieux","grand","big","groß","grand"
"PICTURE_680_LITTLE.jpg","bow","Bogen","arc","little","kleiner","petit","Drücken Sie die Leertaste um fortzufahren","Press the spacebar to continue","Appuyez sur la barre d'espace pour continuer","snail","Schnecke","escargot",TRUE,"Bogen","bow","arc","new","neu","klein","nouveau","petit","little","klein","petit"
"PICTURE_680_NEW.jpg","bow","Bogen","arc","new","neuer","nouvel","Drücken Sie die Leertaste um fortzufahren","Press the spacebar to continue","Appuyez sur la barre d'espace pour continuer","hedgehog","Igel","hérisson",TRUE,"Bogen","bow","arc","little","klein","neu","petit","nouveau","new","neu","nouveau"
"PICTURE_680_OLD.jpg","bow","Bogen","arc","old","alter","vieil","Drücken Sie die Leertaste um fortzufahren","Press the spacebar to continue","Appuyez sur la barre d'espace pour continuer","snail","Schnecke","escargot",TRUE,"Bogen","bow","arc","big","groß","alt","grand","vieux","old","alt","vieux"
"PICTURE_351_BIG.jpg","butterfly","Schmetterling","papillon","big","großer","grand","Drücken Sie die Leertaste um fortzufahren","Press the spacebar to continue","Appuyez sur la barre d'espace pour continuer","elephant","Elefant","éléphant",FALSE,"Elefant","elephant","éléphant","little","klein","groß","petit","grand","little","klein","petit"
"PICTURE_351_LITTLE.jpg","butterfly","Schmetterling","papillon","little","kleiner","petit","Drücken Sie die Leertaste um fortzufahren","Press the spacebar to continue","Appuyez sur la barre d'espace pour continuer","basket","Korb","panier",FALSE,"Korb","basket","panier","old","alt","klein","vieux","petit","old","alt","vieux"
"PICTURE_351_NEW.jpg","butterfly","Schmetterling","papillon","new","neuer","nouveau","Drücken Sie die Leertaste um fortzufahren","Press the spacebar to continue","Appuyez sur la barre d'espace pour continuer","face","Gesicht","visage",FALSE,"Gesicht","face","visage","big","groß","neu","grand","nouveau","big","groß","grand"
"PICTURE_351_OLD.jpg","butterfly","Schmetterling","papillon","old","alter","vieux","Drücken Sie die Leertaste um fortzufahren","Press the spacebar to continue","Appuyez sur la barre d'espace pour continuer","bow","Bogen","arc",FALSE,"Bogen","bow","arc","new","neu","alt","nouveau","vieux","new","neu","nouveau"
"PICTURE_351_BIG.jpg","butterfly","Schmetterling","papillon","big","großer","grand","Drücken Sie die Leertaste um fortzufahren","Press the spacebar to continue","Appuyez sur la barre d'espace pour continuer","elephant","Elefant","éléphant",TRUE,"Schmetterling","butterfly","papillon","old","alt","groß","vieux","grand","big","groß","grand"
"PICTURE_351_LITTLE.jpg","butterfly","Schmetterling","papillon","little","kleiner","petit","Drücken Sie die Leertaste um fortzufahren","Press the spacebar to continue","Appuyez sur la barre d'espace pour continuer","basket","Korb","panier",TRUE,"Schmetterling","butterfly","papillon","new","neu","klein","nouveau","petit","little","klein","petit"
"PICTURE_351_NEW.jpg","butterfly","Schmetterling","papillon","new","neuer","nouveau","Drücken Sie die Leertaste um fortzufahren","Press the spacebar to continue","Appuyez sur la barre d'espace pour continuer","face","Gesicht","visage",TRUE,"Schmetterling","butterfly","papillon","little","klein","neu","petit","nouveau","new","neu","nouveau"
"PICTURE_351_OLD.jpg","butterfly","Schmetterling","papillon","old","alter","vieux","Drücken Sie die Leertaste um fortzufahren","Press the spacebar to continue","Appuyez sur la barre d'espace pour continuer","bow","Bogen","arc",TRUE,"Schmetterling","butterfly","papillon","big","groß","alt","grand","vieux","old","alt","vieux"
"PICTURE_196_BIG.jpg","computer","Computer","ordinateur","big","großer","grand","Drücken Sie die Leertaste um fortzufahren","Press the spacebar to continue","Appuyez sur la barre d'espace pour continuer","nurse","Krankenschwester","infirmière",FALSE,"Krankenschwester","nurse","infirmière","new","neu","groß","nouveau","grand","new","neu","nouveau"
"PICTURE_196_LITTLE.jpg","computer","Computer","ordinateur","little","kleiner","petit","Drücken Sie die Leertaste um fortzufahren","Press the spacebar to continue","Appuyez sur la barre d'espace pour continuer","star","Stern","étoile",FALSE,"Stern","star","étoile","old","alt","klein","vieux","petit","old","alt","vieux"
"PICTURE_196_NEW.jpg","computer","Computer","ordinateur","new","neuer","nouvel","Drücken Sie die Leertaste um fortzufahren","Press the spacebar to continue","Appuyez sur la barre d'espace pour continuer","cucumber","Gurke","concombre",FALSE,"Gurke","cucumber","concombre","big","groß","neu","grand","nouveau","big","groß","grand"
"PICTURE_196_OLD.jpg","computer","Computer","ordinateur","old","alter","vieil","Drücken Sie die Leertaste um fortzufahren","Press the spacebar to continue","Appuyez sur la barre d'espace pour continuer","present","Geschenk","cadeau",FALSE,"Geschenk","present","cadeau","little","klein","alt","petit","vieux","little","klein","petit"
"PICTURE_196_BIG.jpg","computer","Computer","ordinateur","big","großer","grand","Drücken Sie die Leertaste um fortzufahren","Press the spacebar to continue","Appuyez sur la barre d'espace pour continuer","nurse","Krankenschwester","infirmière",TRUE,"Computer","computer","ordinateur","little","klein","groß","petit","grand","big","groß","grand"
"PICTURE_196_LITTLE.jpg","computer","Computer","ordinateur","little","kleiner","petit","Drücken Sie die Leertaste um fortzufahren","Press the spacebar to continue","Appuyez sur la barre d'espace pour continuer","star","Stern","étoile",TRUE,"Computer","computer","ordinateur","big","groß","klein","grand","petit","little","klein","petit"
"PICTURE_196_NEW.jpg","computer","Computer","ordinateur","new","neuer","nouvel","Drücken Sie die Leertaste um fortzufahren","Press the spacebar to continue","Appuyez sur la barre d'espace pour continuer","cucumber","Gurke","concombre",TRUE,"Computer","computer","ordinateur","old","alt","neu","vieux","nouveau","new","neu","nouveau"
"PICTURE_196_OLD.jpg","computer","Computer","ordinateur","old","alter","vieil","Drücken Sie die Leertaste um fortzufahren","Press the spacebar to continue","Appuyez sur la barre d'espace pour continuer","present","Geschenk","cadeau",TRUE,"Computer","computer","ordinateur","new","neu","alt","nouveau","vieux","old","alt","vieux"
"PICTURE_319_BIG.jpg","cow","Kuh","vache","big","große","grande","Drücken Sie die Leertaste um fortzufahren","Press the spacebar to continue","Appuyez sur la barre d'espace pour continuer","star","Stern","étoile",FALSE,"Stern","star","étoile","new","neu","groß","nouveau","grand","new","neu","nouveau"
"PICTURE_319_LITTLE.jpg","cow","Kuh","vache","little","kleine","petite","Drücken Sie die Leertaste um fortzufahren","Press the spacebar to continue","Appuyez sur la barre d'espace pour continuer","man","Mann","homme",FALSE,"Mann","man","homme","old","alt","klein","vieux","petit","old","alt","vieux"
"PICTURE_319_NEW.jpg","cow","Kuh","vache","new","neue","nouvelle","Drücken Sie die Leertaste um fortzufahren","Press the spacebar to continue","Appuyez sur la barre d'espace pour continuer","dog","Hund","chien",FALSE,"Hund","dog","chien","little","klein","neu","petit","nouveau","little","klein","petit"
"PICTURE_319_OLD.jpg","cow","Kuh","vache","old","alte","vieille","Drücken Sie die Leertaste um fortzufahren","Press the spacebar to continue","Appuyez sur la barre d'espace pour continuer","ear","Ohr","oreille",FALSE,"Ohr","ear","oreille","big","groß","alt","grand","vieux","big","groß","grand"
"PICTURE_319_BIG.jpg","cow","Kuh","vache","big","große","grande","Drücken Sie die Leertaste um fortzufahren","Press the spacebar to continue","Appuyez sur la barre d'espace pour continuer","star","Stern","étoile",TRUE,"Kuh","cow","vache","new","neu","groß","nouveau","grand","big","groß","grand"
"PICTURE_319_LITTLE.jpg","cow","Kuh","vache","little","kleine","petite","Drücken Sie die Leertaste um fortzufahren","Press the spacebar to continue","Appuyez sur la barre d'espace pour continuer","man","Mann","homme",TRUE,"Kuh","cow","vache","old","alt","klein","vieux","petit","little","klein","petit"
"PICTURE_319_NEW.jpg","cow","Kuh","vache","new","neue","nouvelle","Drücken Sie die Leertaste um fortzufahren","Press the spacebar to continue","Appuyez sur la barre d'espace pour continuer","dog","Hund","chien",TRUE,"Kuh","cow","vache","little","klein","neu","petit","nouveau","new","neu","nouveau"
"PICTURE_319_OLD.jpg","cow","Kuh","vache","old","alte","vieille","Drücken Sie die Leertaste um fortzufahren","Press the spacebar to continue","Appuyez sur la barre d'espace pour continuer","ear","Ohr","oreille",TRUE,"Kuh","cow","vache","big","groß","alt","grand","vieux","old","alt","vieux"
"PICTURE_559_BIG.jpg","cucumber","Gurke","concombre","big","große","grand","Drücken Sie die Leertaste um fortzufahren","Press the spacebar to continue","Appuyez sur la barre d'espace pour continuer","basket","Korb","panier",FALSE,"Korb","basket","panier","new","neu","groß","nouveau","grand","new","neu","nouveau"
"PICTURE_559_LITTLE.jpg","cucumber","Gurke","concombre","little","kleine","petit","Drücken Sie die Leertaste um fortzufahren","Press the spacebar to continue","Appuyez sur la barre d'espace pour continuer","man","Mann","homme",FALSE,"Mann","man","homme","old","alt","klein","vieux","petit","old","alt","vieux"
"PICTURE_559_NEW.jpg","cucumber","Gurke","concombre","new","neue","nouveau","Drücken Sie die Leertaste um fortzufahren","Press the spacebar to continue","Appuyez sur la barre d'espace pour continuer","ear","Ohr","oreille",FALSE,"Ohr","ear","oreille","little","klein","neu","petit","nouveau","little","klein","petit"
"PICTURE_559_OLD.jpg","cucumber","Gurke","concombre","old","alte","vieux","Drücken Sie die Leertaste um fortzufahren","Press the spacebar to continue","Appuyez sur la barre d'espace pour continuer","anchor","Anker","ancre",FALSE,"Anker","anchor","ancre","big","groß","alt","grand","vieux","big","groß","grand"
"PICTURE_559_BIG.jpg","cucumber","Gurke","concombre","big","große","grand","Drücken Sie die Leertaste um fortzufahren","Press the spacebar to continue","Appuyez sur la barre d'espace pour continuer","basket","Korb","panier",TRUE,"Gurke","cucumber","concombre","old","alt","groß","vieux","grand","big","groß","grand"
"PICTURE_559_LITTLE.jpg","cucumber","Gurke","concombre","little","kleine","petit","Drücken Sie die Leertaste um fortzufahren","Press the spacebar to continue","Appuyez sur la barre d'espace pour continuer","man","Mann","homme",TRUE,"Gurke","cucumber","concombre","new","neu","klein","nouveau","petit","little","klein","petit"
"PICTURE_559_NEW.jpg","cucumber","Gurke","concombre","new","neue","nouveau","Drücken Sie die Leertaste um fortzufahren","Press the spacebar to continue","Appuyez sur la barre d'espace pour continuer","ear","Ohr","oreille",TRUE,"Gurke","cucumber","concombre","little","klein","neu","petit","nouveau","new","neu","nouveau"
"PICTURE_559_OLD.jpg","cucumber","Gurke","concombre","old","alte","vieux","Drücken Sie die Leertaste um fortzufahren","Press the spacebar to continue","Appuyez sur la barre d'espace pour continuer","anchor","Anker","ancre",TRUE,"Gurke","cucumber","concombre","big","groß","alt","grand","vieux","old","alt","vieux"
"PICTURE_17_BIG.jpg","devil","Teufel","diable","big","großer","grand","Drücken Sie die Leertaste um fortzufahren","Press the spacebar to continue","Appuyez sur la barre d'espace pour continuer","dog","Hund","chien",FALSE,"Hund","dog","chien","new","neu","groß","nouveau","grand","new","neu","nouveau"
"PICTURE_17_LITTLE.jpg","devil","Teufel","diable","little","kleiner","petit","Drücken Sie die Leertaste um fortzufahren","Press the spacebar to continue","Appuyez sur la barre d'espace pour continuer","hippo","Nilpferd","hippopotame",FALSE,"Nilpferd","hippo","hippopotame","big","groß","klein","grand","petit","big","groß","grand"
"PICTURE_17_NEW.jpg","devil","Teufel","diable","new","neuer","nouveau","Drücken Sie die Leertaste um fortzufahren","Press the spacebar to continue","Appuyez sur la barre d'espace pour continuer","giraffe","Giraffe","girafe",FALSE,"Giraffe","giraffe","girafe","old","alt","neu","vieux","nouveau","old","alt","vieux"
"PICTURE_17_OLD.jpg","devil","Teufel","diable","old","alter","vieux","Drücken Sie die Leertaste um fortzufahren","Press the spacebar to continue","Appuyez sur la barre d'espace pour continuer","drawer","Schublade","tiroir",FALSE,"Schublade","drawer","tiroir","little","klein","alt","petit","vieux","little","klein","petit"
"PICTURE_17_BIG.jpg","devil","Teufel","diable","big","großer","grand","Drücken Sie die Leertaste um fortzufahren","Press the spacebar to continue","Appuyez sur la barre d'espace pour continuer","dog","Hund","chien",TRUE,"Teufel","devil","diable","little","klein","groß","petit","grand","big","groß","grand"
"PICTURE_17_LITTLE.jpg","devil","Teufel","diable","little","kleiner","petit","Drücken Sie die Leertaste um fortzufahren","Press the spacebar to continue","Appuyez sur la barre d'espace pour continuer","hippo","Nilpferd","hippopotame",TRUE,"Teufel","devil","diable","old","alt","klein","vieux","petit","little","klein","petit"
"PICTURE_17_NEW.jpg","devil","Teufel","diable","new","neuer","nouveau","Drücken Sie die Leertaste um fortzufahren","Press the spacebar to continue","Appuyez sur la barre d'espace pour continuer","giraffe","Giraffe","girafe",TRUE,"Teufel","devil","diable","big","groß","neu","grand","nouveau","new","neu","nouveau"
"PICTURE_17_OLD.jpg","devil","Teufel","diable","old","alter","vieux","Drücken Sie die Leertaste um fortzufahren","Press the spacebar to continue","Appuyez sur la barre d'espace pour continuer","drawer","Schublade","tiroir",TRUE,"Teufel","devil","diable","new","neu","alt","nouveau","vieux","old","alt","vieux"
"PICTURE_707_BIG.jpg","dog","Hund","chien","big","großer","grand","Drücken Sie die Leertaste um fortzufahren","Press the spacebar to continue","Appuyez sur la barre d'espace pour continuer","star","Stern","étoile",FALSE,"Stern","star","étoile","old","alt","groß","vieux","grand","old","alt","vieux"
"PICTURE_707_LITTLE.jpg","dog","Hund","chien","little","kleiner","petit","Drücken Sie die Leertaste um fortzufahren","Press the spacebar to continue","Appuyez sur la barre d'espace pour continuer","butterfly","Schmetterling","papillon",FALSE,"Schmetterling","butterfly","papillon","big","groß","klein","grand","petit","big","groß","grand"
"PICTURE_707_NEW.jpg","dog","Hund","chien","new","neuer","nouveau","Drücken Sie die Leertaste um fortzufahren","Press the spacebar to continue","Appuyez sur la barre d'espace pour continuer","shower","Dusche","douche",FALSE,"Dusche","shower","douche","little","klein","neu","petit","nouveau","little","klein","petit"
"PICTURE_707_OLD.jpg","dog","Hund","chien","old","alter","vieux","Drücken Sie die Leertaste um fortzufahren","Press the spacebar to continue","Appuyez sur la barre d'espace pour continuer","computer","Computer","ordinateur",FALSE,"Computer","computer","ordinateur","new","neu","alt","nouveau","vieux","new","neu","nouveau"
"PICTURE_707_BIG.jpg","dog","Hund","chien","big","großer","grand","Drücken Sie die Leertaste um fortzufahren","Press the spacebar to continue","Appuyez sur la barre d'espace pour continuer","star","Stern","étoile",TRUE,"Hund","dog","chien","old","alt","groß","vieux","grand","big","groß","grand"
"PICTURE_707_LITTLE.jpg","dog","Hund","chien","little","kleiner","petit","Drücken Sie die Leertaste um fortzufahren","Press the spacebar to continue","Appuyez sur la barre d'espace pour continuer","butterfly","Schmetterling","papillon",TRUE,"Hund","dog","chien","new","neu","klein","nouveau","petit","little","klein","petit"
"PICTURE_707_NEW.jpg","dog","Hund","chien","new","neuer","nouveau","Drücken Sie die Leertaste um fortzufahren","Press the spacebar to continue","Appuyez sur la barre d'espace pour continuer","shower","Dusche","douche",TRUE,"Hund","dog","chien","big","groß","neu","grand","nouveau","new","neu","nouveau"
"PICTURE_707_OLD.jpg","dog","Hund","chien","old","alter","vieux","Drücken Sie die Leertaste um fortzufahren","Press the spacebar to continue","Appuyez sur la barre d'espace pour continuer","computer","Computer","ordinateur",TRUE,"Hund","dog","chien","little","klein","alt","petit","vieux","old","alt","vieux"
"PICTURE_661_BIG.jpg","drawer","Schublade","tiroir","big","große","grand","Drücken Sie die Leertaste um fortzufahren","Press the spacebar to continue","Appuyez sur la barre d'espace pour continuer","ant","Ameise","fourmi",FALSE,"Ameise","ant","fourmi","new","neu","groß","nouveau","grand","new","neu","nouveau"
"PICTURE_661_LITTLE.jpg","drawer","Schublade","tiroir","little","kleine","petit","Drücken Sie die Leertaste um fortzufahren","Press the spacebar to continue","Appuyez sur la barre d'espace pour continuer","butterfly","Schmetterling","papillon",FALSE,"Schmetterling","butterfly","papillon","old","alt","klein","vieux","petit","old","alt","vieux"
"PICTURE_661_NEW.jpg","drawer","Schublade","tiroir","new","neue","nouveau","Drücken Sie die Leertaste um fortzufahren","Press the spacebar to continue","Appuyez sur la barre d'espace pour continuer","elephant","Elefant","éléphant",FALSE,"Elefant","elephant","éléphant","little","klein","neu","petit","nouveau","little","klein","petit"
"PICTURE_661_OLD.jpg","drawer","Schublade","tiroir","old","alte","vieux","Drücken Sie die Leertaste um fortzufahren","Press the spacebar to continue","Appuyez sur la barre d'espace pour continuer","nurse","Krankenschwester","infirmière",FALSE,"Krankenschwester","nurse","infirmière","big","groß","alt","grand","vieux","big","groß","grand"
"PICTURE_661_BIG.jpg","drawer","Schublade","tiroir","big","große","grand","Drücken Sie die Leertaste um fortzufahren","Press the spacebar to continue","Appuyez sur la barre d'espace pour continuer","ant","Ameise","fourmi",TRUE,"Schublade","drawer","tiroir","old","alt","groß","vieux","grand","big","groß","grand"
"PICTURE_661_LITTLE.jpg","drawer","Schublade","tiroir","little","kleine","petit","Drücken Sie die Leertaste um fortzufahren","Press the spacebar to continue","Appuyez sur la barre d'espace pour continuer","butterfly","Schmetterling","papillon",TRUE,"Schublade","drawer","tiroir","new","neu","klein","nouveau","petit","little","klein","petit"
"PICTURE_661_NEW.jpg","drawer","Schublade","tiroir","new","neue","nouveau","Drücken Sie die Leertaste um fortzufahren","Press the spacebar to continue","Appuyez sur la barre d'espace pour continuer","elephant","Elefant","éléphant",TRUE,"Schublade","drawer","tiroir","big","groß","neu","grand","nouveau","new","neu","nouveau"
"PICTURE_661_OLD.jpg","drawer","Schublade","tiroir","old","alte","vieux","Drücken Sie die Leertaste um fortzufahren","Press the spacebar to continue","Appuyez sur la barre d'espace pour continuer","nurse","Krankenschwester","infirmière",TRUE,"Schublade","drawer","tiroir","little","klein","alt","petit","vieux","old","alt","vieux"
"PICTURE_35_BIG.jpg","ear","Ohr","oreille","big","großes","grande","Drücken Sie die Leertaste um fortzufahren","Press the spacebar to continue","Appuyez sur la barre d'espace pour continuer","face","Gesicht","visage",FALSE,"Gesicht","face","visage","old","alt","groß","vieux","grand","old","alt","vieux"
"PICTURE_35_LITTLE.jpg","ear","Ohr","oreille","little","kleines","petite","Drücken Sie die Leertaste um fortzufahren","Press the spacebar to continue","Appuyez sur la barre d'espace pour continuer","basket","Korb","panier",FALSE,"Korb","basket","panier","big","groß","klein","grand","petit","big","groß","grand"
"PICTURE_35_NEW.jpg","ear","Ohr","oreille","new","neues","nouvelle","Drücken Sie die Leertaste um fortzufahren","Press the spacebar to continue","Appuyez sur la barre d'espace pour continuer","giraffe","Giraffe","girafe",FALSE,"Giraffe","giraffe","girafe","little","klein","neu","petit","nouveau","little","klein","petit"
"PICTURE_35_OLD.jpg","ear","Ohr","oreille","old","altes","vieille","Drücken Sie die Leertaste um fortzufahren","Press the spacebar to continue","Appuyez sur la barre d'espace pour continuer","ostrich","Strauß","autruche",FALSE,"Strauß","ostrich","autruche","new","neu","alt","nouveau","vieux","new","neu","nouveau"
"PICTURE_35_BIG.jpg","ear","Ohr","oreille","big","großes","grande","Drücken Sie die Leertaste um fortzufahren","Press the spacebar to continue","Appuyez sur la barre d'espace pour continuer","face","Gesicht","visage",TRUE,"Ohr","ear","oreille","little","klein","groß","petit","grand","big","groß","grand"
"PICTURE_35_LITTLE.jpg","ear","Ohr","oreille","little","kleines","petite","Drücken Sie die Leertaste um fortzufahren","Press the spacebar to continue","Appuyez sur la barre d'espace pour continuer","basket","Korb","panier",TRUE,"Ohr","ear","oreille","big","groß","klein","grand","petit","little","klein","petit"
"PICTURE_35_NEW.jpg","ear","Ohr","oreille","new","neues","nouvelle","Drücken Sie die Leertaste um fortzufahren","Press the spacebar to continue","Appuyez sur la barre d'espace pour continuer","giraffe","Giraffe","girafe",TRUE,"Ohr","ear","oreille","old","alt","neu","vieux","nouveau","new","neu","nouveau"
"PICTURE_35_OLD.jpg","ear","Ohr","oreille","old","altes","vieille","Drücken Sie die Leertaste um fortzufahren","Press the spacebar to continue","Appuyez sur la barre d'espace pour continuer","ostrich","Strauß","autruche",TRUE,"Ohr","ear","oreille","new","neu","alt","nouveau","vieux","old","alt","vieux"
"PICTURE_579_BIG.jpg","elephant","Elefant","éléphant","big","großer","grand","Drücken Sie die Leertaste um fortzufahren","Press the spacebar to continue","Appuyez sur la barre d'espace pour continuer","leg","Bein","jambe",FALSE,"Bein","leg","jambe","little","klein","groß","petit","grand","little","klein","petit"
"PICTURE_579_LITTLE.jpg","elephant","Elefant","éléphant","little","kleiner","petit","Drücken Sie die Leertaste um fortzufahren","Press the spacebar to continue","Appuyez sur la barre d'espace pour continuer","face","Gesicht","visage",FALSE,"Gesicht","face","visage","big","groß","klein","grand","petit","big","groß","grand"
"PICTURE_579_NEW.jpg","elephant","Elefant","éléphant","new","neuer","nouvel","Drücken Sie die Leertaste um fortzufahren","Press the spacebar to continue","Appuyez sur la barre d'espace pour continuer","island","Insel","île",FALSE,"Insel","island","île","old","alt","neu","vieux","nouveau","old","alt","vieux"
"PICTURE_579_OLD.jpg","elephant","Elefant","éléphant","old","alter","vieil","Drücken Sie die Leertaste um fortzufahren","Press the spacebar to continue","Appuyez sur la barre d'espace pour continuer","bottle","Flasche","bouteille",FALSE,"Flasche","bottle","bouteille","new","neu","alt","nouveau","vieux","new","neu","nouveau"
"PICTURE_579_BIG.jpg","elephant","Elefant","éléphant","big","großer","grand","Drücken Sie die Leertaste um fortzufahren","Press the spacebar to continue","Appuyez sur la barre d'espace pour continuer","leg","Bein","jambe",TRUE,"Elefant","elephant","éléphant","little","klein","groß","petit","grand","big","groß","grand"
"PICTURE_579_LITTLE.jpg","elephant","Elefant","éléphant","little","kleiner","petit","Drücken Sie die Leertaste um fortzufahren","Press the spacebar to continue","Appuyez sur la barre d'espace pour continuer","face","Gesicht","visage",TRUE,"Elefant","elephant","éléphant","big","groß","klein","grand","petit","little","klein","petit"
"PICTURE_579_NEW.jpg","elephant","Elefant","éléphant","new","neuer","nouvel","Drücken Sie die Leertaste um fortzufahren","Press the spacebar to continue","Appuyez sur la barre d'espace pour continuer","island","Insel","île",TRUE,"Elefant","elephant","éléphant","old","alt","neu","vieux","nouveau","new","neu","nouveau"
"PICTURE_579_OLD.jpg","elephant","Elefant","éléphant","old","alter","vieil","Drücken Sie die Leertaste um fortzufahren","Press the spacebar to continue","Appuyez sur la barre d'espace pour continuer","bottle","Flasche","bouteille",TRUE,"Elefant","elephant","éléphant","new","neu","alt","nouveau","vieux","old","alt","vieux"
"PICTURE_241_BIG.jpg","eye","Auge","oeil","big","großes","grand","Drücken Sie die Leertaste um fortzufahren","Press the spacebar to continue","Appuyez sur la barre d'espace pour continuer","computer","Computer","ordinateur",FALSE,"Computer","computer","ordinateur","new","neu","groß","nouveau","grand","new","neu","nouveau"
"PICTURE_241_LITTLE.jpg","eye","Auge","oeil","little","kleines","petit","Drücken Sie die Leertaste um fortzufahren","Press the spacebar to continue","Appuyez sur la barre d'espace pour continuer","nurse","Krankenschwester","infirmière",FALSE,"Krankenschwester","nurse","infirmière","big","groß","klein","grand","petit","big","groß","grand"
"PICTURE_241_NEW.jpg","eye","Auge","oeil","new","neues","nouvel","Drücken Sie die Leertaste um fortzufahren","Press the spacebar to continue","Appuyez sur la barre d'espace pour continuer","shower","Dusche","douche",FALSE,"Dusche","shower","douche","old","alt","neu","vieux","nouveau","old","alt","vieux"
"PICTURE_241_OLD.jpg","eye","Auge","oeil","old","altes","vieil","Drücken Sie die Leertaste um fortzufahren","Press the spacebar to continue","Appuyez sur la barre d'espace pour continuer","bottle","Flasche","bouteille",FALSE,"Flasche","bottle","bouteille","little","klein","alt","petit","vieux","little","klein","petit"
"PICTURE_241_BIG.jpg","eye","Auge","oeil","big","großes","grand","Drücken Sie die Leertaste um fortzufahren","Press the spacebar to continue","Appuyez sur la barre d'espace pour continuer","computer","Computer","ordinateur",TRUE,"Auge","eye","oeil","little","klein","groß","petit","grand","big","groß","grand"
"PICTURE_241_LITTLE.jpg","eye","Auge","oeil","little","kleines","petit","Drücken Sie die Leertaste um fortzufahren","Press the spacebar to continue","Appuyez sur la barre d'espace pour continuer","nurse","Krankenschwester","infirmière",TRUE,"Auge","eye","oeil","new","neu","klein","nouveau","petit","little","klein","petit"
"PICTURE_241_NEW.jpg","eye","Auge","oeil","new","neues","nouvel","Drücken Sie die Leertaste um fortzufahren","Press the spacebar to continue","Appuyez sur la barre d'espace pour continuer","shower","Dusche","douche",TRUE,"Auge","eye","oeil","old","alt","neu","vieux","nouveau","new","neu","nouveau"
"PICTURE_241_OLD.jpg","eye","Auge","oeil","old","altes","vieil","Drücken Sie die Leertaste um fortzufahren","Press the spacebar to continue","Appuyez sur la barre d'espace pour continuer","bottle","Flasche","bouteille",TRUE,"Auge","eye","oeil","big","groß","alt","grand","vieux","old","alt","vieux"
"PICTURE_510_BIG.jpg","face","Gesicht","visage","big","großes","grand","Drücken Sie die Leertaste um fortzufahren","Press the spacebar to continue","Appuyez sur la barre d'espace pour continuer","cucumber","Gurke","concombre",FALSE,"Gurke","cucumber","concombre","little","klein","groß","petit","grand","little","klein","petit"
"PICTURE_510_LITTLE.jpg","face","Gesicht","visage","little","kleines","petit","Drücken Sie die Leertaste um fortzufahren","Press the spacebar to continue","Appuyez sur la barre d'espace pour continuer","eye","Auge","oeil",FALSE,"Auge","eye","oeil","old","alt","klein","vieux","petit","old","alt","vieux"
"PICTURE_510_NEW.jpg","face","Gesicht","visage","new","neues","nouveau","Drücken Sie die Leertaste um fortzufahren","Press the spacebar to continue","Appuyez sur la barre d'espace pour continuer","tooth","Zahn","dent",FALSE,"Zahn","tooth","dent","big","groß","neu","grand","nouveau","big","groß","grand"
"PICTURE_510_OLD.jpg","face","Gesicht","visage","old","altes","vieux","Drücken Sie die Leertaste um fortzufahren","Press the spacebar to continue","Appuyez sur la barre d'espace pour continuer","elephant","Elefant","éléphant",FALSE,"Elefant","elephant","éléphant","new","neu","alt","nouveau","vieux","new","neu","nouveau"
"PICTURE_510_BIG.jpg","face","Gesicht","visage","big","großes","grand","Drücken Sie die Leertaste um fortzufahren","Press the spacebar to continue","Appuyez sur la barre d'espace pour continuer","cucumber","Gurke","concombre",TRUE,"Gesicht","face","visage","old","alt","groß","vieux","grand","big","groß","grand"
"PICTURE_510_LITTLE.jpg","face","Gesicht","visage","little","kleines","petit","Drücken Sie die Leertaste um fortzufahren","Press the spacebar to continue","Appuyez sur la barre d'espace pour continuer","eye","Auge","oeil",TRUE,"Gesicht","face","visage","new","neu","klein","nouveau","petit","little","klein","petit"
"PICTURE_510_NEW.jpg","face","Gesicht","visage","new","neues","nouveau","Drücken Sie die Leertaste um fortzufahren","Press the spacebar to continue","Appuyez sur la barre d'espace pour continuer","tooth","Zahn","dent",TRUE,"Gesicht","face","visage","little","klein","neu","petit","nouveau","new","neu","nouveau"
"PICTURE_510_OLD.jpg","face","Gesicht","visage","old","altes","vieux","Drücken Sie die Leertaste um fortzufahren","Press the spacebar to continue","Appuyez sur la barre d'espace pour continuer","elephant","Elefant","éléphant",TRUE,"Gesicht","face","visage","big","groß","alt","grand","vieux","old","alt","vieux"
"PICTURE_236_BIG.jpg","giraffe","Giraffe","girafe","big","große","grande","Drücken Sie die Leertaste um fortzufahren","Press the spacebar to continue","Appuyez sur la barre d'espace pour continuer","butterfly","Schmetterling","papillon",FALSE,"Schmetterling","butterfly","papillon","old","alt","groß","vieux","grand","old","alt","vieux"
"PICTURE_236_LITTLE.jpg","giraffe","Giraffe","girafe","little","kleine","petite","Drücken Sie die Leertaste um fortzufahren","Press the spacebar to continue","Appuyez sur la barre d'espace pour continuer","devil","Teufel","diable",FALSE,"Teufel","devil","diable","new","neu","klein","nouveau","petit","new","neu","nouveau"
"PICTURE_236_NEW.jpg","giraffe","Giraffe","girafe","new","neue","nouvelle","Drücken Sie die Leertaste um fortzufahren","Press the spacebar to continue","Appuyez sur la barre d'espace pour continuer","elephant","Elefant","éléphant",FALSE,"Elefant","elephant","éléphant","big","groß","neu","grand","nouveau","big","groß","grand"
"PICTURE_236_OLD.jpg","giraffe","Giraffe","girafe","old","alte","vieille","Drücken Sie die Leertaste um fortzufahren","Press the spacebar to continue","Appuyez sur la barre d'espace pour continuer","tooth","Zahn","dent",FALSE,"Zahn","tooth","dent","little","klein","alt","petit","vieux","little","klein","petit"
"PICTURE_236_BIG.jpg","giraffe","Giraffe","girafe","big","große","grande","Drücken Sie die Leertaste um fortzufahren","Press the spacebar to continue","Appuyez sur la barre d'espace pour continuer","butterfly","Schmetterling","papillon",TRUE,"Giraffe","giraffe","girafe","little","klein","groß","petit","grand","big","groß","grand"
"PICTURE_236_LITTLE.jpg","giraffe","Giraffe","girafe","little","kleine","petite","Drücken Sie die Leertaste um fortzufahren","Press the spacebar to continue","Appuyez sur la barre d'espace pour continuer","devil","Teufel","diable",TRUE,"Giraffe","giraffe","girafe","old","alt","klein","vieux","petit","little","klein","petit"
"PICTURE_236_NEW.jpg","giraffe","Giraffe","girafe","new","neue","nouvelle","Drücken Sie die Leertaste um fortzufahren","Press the spacebar to continue","Appuyez sur la barre d'espace pour continuer","elephant","Elefant","éléphant",TRUE,"Giraffe","giraffe","girafe","big","groß","neu","grand","nouveau","new","neu","nouveau"
"PICTURE_236_OLD.jpg","giraffe","Giraffe","girafe","old","alte","vieille","Drücken Sie die Leertaste um fortzufahren","Press the spacebar to continue","Appuyez sur la barre d'espace pour continuer","tooth","Zahn","dent",TRUE,"Giraffe","giraffe","girafe","new","neu","alt","nouveau","vieux","old","alt","vieux"
"PICTURE_605_BIG.jpg","harp","Harfe","harpe","big","große","grande","Drücken Sie die Leertaste um fortzufahren","Press the spacebar to continue","Appuyez sur la barre d'espace pour continuer","star","Stern","étoile",FALSE,"Stern","star","étoile","new","neu","groß","nouveau","grand","new","neu","nouveau"
"PICTURE_605_LITTLE.jpg","harp","Harfe","harpe","little","kleine","petite","Drücken Sie die Leertaste um fortzufahren","Press the spacebar to continue","Appuyez sur la barre d'espace pour continuer","devil","Teufel","diable",FALSE,"Teufel","devil","diable","big","groß","klein","grand","petit","big","groß","grand"
"PICTURE_605_NEW.jpg","harp","Harfe","harpe","new","neue","nouvelle","Drücken Sie die Leertaste um fortzufahren","Press the spacebar to continue","Appuyez sur la barre d'espace pour continuer","leg","Bein","jambe",FALSE,"Bein","leg","jambe","old","alt","neu","vieux","nouveau","old","alt","vieux"
"PICTURE_605_OLD.jpg","harp","Harfe","harpe","old","alte","vieille","Drücken Sie die Leertaste um fortzufahren","Press the spacebar to continue","Appuyez sur la barre d'espace pour continuer","face","Gesicht","visage",FALSE,"Gesicht","face","visage","little","klein","alt","petit","vieux","little","klein","petit"
"PICTURE_605_BIG.jpg","harp","Harfe","harpe","big","große","grande","Drücken Sie die Leertaste um fortzufahren","Press the spacebar to continue","Appuyez sur la barre d'espace pour continuer","star","Stern","étoile",TRUE,"Harfe","harp","harpe","new","neu","groß","nouveau","grand","big","groß","grand"
"PICTURE_605_LITTLE.jpg","harp","Harfe","harpe","little","kleine","petite","Drücken Sie die Leertaste um fortzufahren","Press the spacebar to continue","Appuyez sur la barre d'espace pour continuer","devil","Teufel","diable",TRUE,"Harfe","harp","harpe","big","groß","klein","grand","petit","little","klein","petit"
"PICTURE_605_NEW.jpg","harp","Harfe","harpe","new","neue","nouvelle","Drücken Sie die Leertaste um fortzufahren","Press the spacebar to continue","Appuyez sur la barre d'espace pour continuer","leg","Bein","jambe",TRUE,"Harfe","harp","harpe","old","alt","neu","vieux","nouveau","new","neu","nouveau"
"PICTURE_605_OLD.jpg","harp","Harfe","harpe","old","alte","vieille","Drücken Sie die Leertaste um fortzufahren","Press the spacebar to continue","Appuyez sur la barre d'espace pour continuer","face","Gesicht","visage",TRUE,"Harfe","harp","harpe","little","klein","alt","petit","vieux","old","alt","vieux"
"PICTURE_365_BIG.jpg","hedgehog","Igel","hérisson","big","großer","grand","Drücken Sie die Leertaste um fortzufahren","Press the spacebar to continue","Appuyez sur la barre d'espace pour continuer","eye","Auge","oeil",FALSE,"Auge","eye","oeil","little","klein","groß","petit","grand","little","klein","petit"
"PICTURE_365_LITTLE.jpg","hedgehog","Igel","hérisson","little","kleiner","petit","Drücken Sie die Leertaste um fortzufahren","Press the spacebar to continue","Appuyez sur la barre d'espace pour continuer","drawer","Schublade","tiroir",FALSE,"Schublade","drawer","tiroir","big","groß","klein","grand","petit","big","groß","grand"
"PICTURE_365_NEW.jpg","hedgehog","Igel","hérisson","new","neuer","nouvel","Drücken Sie die Leertaste um fortzufahren","Press the spacebar to continue","Appuyez sur la barre d'espace pour continuer","pipe","Pfeife","pipe",FALSE,"Pfeife","pipe","pipe","old","alt","neu","vieux","nouveau","old","alt","vieux"
"PICTURE_365_OLD.jpg","hedgehog","Igel","hérisson","old","alter","vieil","Drücken Sie die Leertaste um fortzufahren","Press the spacebar to continue","Appuyez sur la barre d'espace pour continuer","pipe","Pfeife","pipe",FALSE,"Pfeife","pipe","pipe","new","neu","alt","nouveau","vieux","new","neu","nouveau"
"PICTURE_365_BIG.jpg","hedgehog","Igel","hérisson","big","großer","grand","Drücken Sie die Leertaste um fortzufahren","Press the spacebar to continue","Appuyez sur la barre d'espace pour continuer","eye","Auge","oeil",TRUE,"Igel","hedgehog","hérisson","old","alt","groß","vieux","grand","big","groß","grand"
"PICTURE_365_LITTLE.jpg","hedgehog","Igel","hérisson","little","kleiner","petit","Drücken Sie die Leertaste um fortzufahren","Press the spacebar to continue","Appuyez sur la barre d'espace pour continuer","drawer","Schublade","tiroir",TRUE,"Igel","hedgehog","hérisson","new","neu","klein","nouveau","petit","little","klein","petit"
"PICTURE_365_NEW.jpg","hedgehog","Igel","hérisson","new","neuer","nouvel","Drücken Sie die Leertaste um fortzufahren","Press the spacebar to continue","Appuyez sur la barre d'espace pour continuer","pipe","Pfeife","pipe",TRUE,"Igel","hedgehog","hérisson","little","klein","neu","petit","nouveau","new","neu","nouveau"
"PICTURE_365_OLD.jpg","hedgehog","Igel","hérisson","old","alter","vieil","Drücken Sie die Leertaste um fortzufahren","Press the spacebar to continue","Appuyez sur la barre d'espace pour continuer","pipe","Pfeife","pipe",TRUE,"Igel","hedgehog","hérisson","big","groß","alt","grand","vieux","old","alt","vieux"
"PICTURE_115_BIG.jpg","hippo","Nilpferd","hippopotame","big","großes","grand","Drücken Sie die Leertaste um fortzufahren","Press the spacebar to continue","Appuyez sur la barre d'espace pour continuer","tooth","Zahn","dent",FALSE,"Zahn","tooth","dent","little","klein","groß","petit","grand","little","klein","petit"
"PICTURE_115_LITTLE.jpg","hippo","Nilpferd","hippopotame","little","kleines","petit","Drücken Sie die Leertaste um fortzufahren","Press the spacebar to continue","Appuyez sur la barre d'espace pour continuer","eye","Auge","oeil",FALSE,"Auge","eye","oeil","big","groß","klein","grand","petit","big","groß","grand"
"PICTURE_115_NEW.jpg","hippo","Nilpferd","hippopotame","new","neues","nouvel","Drücken Sie die Leertaste um fortzufahren","Press the spacebar to continue","Appuyez sur la barre d'espace pour continuer","leg","Bein","jambe",FALSE,"Bein","leg","jambe","old","alt","neu","vieux","nouveau","old","alt","vieux"
"PICTURE_115_OLD.jpg","hippo","Nilpferd","hippopotame","old","altes","vieil","Drücken Sie die Leertaste um fortzufahren","Press the spacebar to continue","Appuyez sur la barre d'espace pour continuer","man","Mann","homme",FALSE,"Mann","man","homme","new","neu","alt","nouveau","vieux","new","neu","nouveau"
"PICTURE_115_BIG.jpg","hippo","Nilpferd","hippopotame","big","großes","grand","Drücken Sie die Leertaste um fortzufahren","Press the spacebar to continue","Appuyez sur la barre d'espace pour continuer","tooth","Zahn","dent",TRUE,"Nilpferd","hippo","hippopotame","new","neu","groß","nouveau","grand","big","groß","grand"
"PICTURE_115_LITTLE.jpg","hippo","Nilpferd","hippopotame","little","kleines","petit","Drücken Sie die Leertaste um fortzufahren","Press the spacebar to continue","Appuyez sur la barre d'espace pour continuer","eye","Auge","oeil",TRUE,"Nilpferd","hippo","hippopotame","old","alt","klein","vieux","petit","little","klein","petit"
"PICTURE_115_NEW.jpg","hippo","Nilpferd","hippopotame","new","neues","nouvel","Drücken Sie die Leertaste um fortzufahren","Press the spacebar to continue","Appuyez sur la barre d'espace pour continuer","leg","Bein","jambe",TRUE,"Nilpferd","hippo","hippopotame","little","klein","neu","petit","nouveau","new","neu","nouveau"
"PICTURE_115_OLD.jpg","hippo","Nilpferd","hippopotame","old","altes","vieil","Drücken Sie die Leertaste um fortzufahren","Press the spacebar to continue","Appuyez sur la barre d'espace pour continuer","man","Mann","homme",TRUE,"Nilpferd","hippo","hippopotame","big","groß","alt","grand","vieux","old","alt","vieux"
"PICTURE_260_BIG.jpg","island","Insel","île","big","große","grande","Drücken Sie die Leertaste um fortzufahren","Press the spacebar to continue","Appuyez sur la barre d'espace pour continuer","ostrich","Strauß","autruche",FALSE,"Strauß","ostrich","autruche","old","alt","groß","vieux","grand","old","alt","vieux"
"PICTURE_260_LITTLE.jpg","island","Insel","île","little","kleine","petite","Drücken Sie die Leertaste um fortzufahren","Press the spacebar to continue","Appuyez sur la barre d'espace pour continuer","hippo","Nilpferd","hippopotame",FALSE,"Nilpferd","hippo","hippopotame","big","groß","klein","grand","petit","big","groß","grand"
"PICTURE_260_NEW.jpg","island","Insel","île","new","neue","nouvelle","Drücken Sie die Leertaste um fortzufahren","Press the spacebar to continue","Appuyez sur la barre d'espace pour continuer","snail","Schnecke","escargot",FALSE,"Schnecke","snail","escargot","little","klein","neu","petit","nouveau","little","klein","petit"
"PICTURE_260_OLD.jpg","island","Insel","île","old","alte","vieille","Drücken Sie die Leertaste um fortzufahren","Press the spacebar to continue","Appuyez sur la barre d'espace pour continuer","leg","Bein","jambe",FALSE,"Bein","leg","jambe","new","neu","alt","nouveau","vieux","new","neu","nouveau"
"PICTURE_260_BIG.jpg","island","Insel","île","big","große","grande","Drücken Sie die Leertaste um fortzufahren","Press the spacebar to continue","Appuyez sur la barre d'espace pour continuer","ostrich","Strauß","autruche",TRUE,"Insel","island","île","old","alt","groß","vieux","grand","big","groß","grand"
"PICTURE_260_LITTLE.jpg","island","Insel","île","little","kleine","petite","Drücken Sie die Leertaste um fortzufahren","Press the spacebar to continue","Appuyez sur la barre d'espace pour continuer","hippo","Nilpferd","hippopotame",TRUE,"Insel","island","île","new","neu","klein","nouveau","petit","little","klein","petit"
"PICTURE_260_NEW.jpg","island","Insel","île","new","neue","nouvelle","Drücken Sie die Leertaste um fortzufahren","Press the spacebar to continue","Appuyez sur la barre d'espace pour continuer","snail","Schnecke","escargot",TRUE,"Insel","island","île","little","klein","neu","petit","nouveau","new","neu","nouveau"
"PICTURE_260_OLD.jpg","island","Insel","île","old","alte","vieille","Drücken Sie die Leertaste um fortzufahren","Press the spacebar to continue","Appuyez sur la barre d'espace pour continuer","leg","Bein","jambe",TRUE,"Insel","island","île","big","groß","alt","grand","vieux","old","alt","vieux"
"PICTURE_8_BIG.jpg","leg","Bein","jambe","big","großes","grande","Drücken Sie die Leertaste um fortzufahren","Press the spacebar to continue","Appuyez sur la barre d'espace pour continuer","island","Insel","île",FALSE,"Insel","island","île","new","neu","groß","nouveau","grand","new","neu","nouveau"
"PICTURE_8_LITTLE.jpg","leg","Bein","jambe","little","kleines","petite","Drücken Sie die Leertaste um fortzufahren","Press the spacebar to continue","Appuyez sur la barre d'espace pour continuer","bottle","Flasche","bouteille",FALSE,"Flasche","bottle","bouteille","old","alt","klein","vieux","petit","old","alt","vieux"
"PICTURE_8_NEW.jpg","leg","Bein","jambe","new","neues","nouvelle","Drücken Sie die Leertaste um fortzufahren","Press the spacebar to continue","Appuyez sur la barre d'espace pour continuer","drawer","Schublade","tiroir",FALSE,"Schublade","drawer","tiroir","big","groß","neu","grand","nouveau","big","groß","grand"
"PICTURE_8_OLD.jpg","leg","Bein","jambe","old","altes","vieille","Drücken Sie die Leertaste um fortzufahren","Press the spacebar to continue","Appuyez sur la barre d'espace pour continuer","bow","Bogen","arc",FALSE,"Bogen","bow","arc","little","klein","alt","petit","vieux","little","klein","petit"
"PICTURE_8_BIG.jpg","leg","Bein","jambe","big","großes","grande","Drücken Sie die Leertaste um fortzufahren","Press the spacebar to continue","Appuyez sur la barre d'espace pour continuer","island","Insel","île",TRUE,"Bein","leg","jambe","little","klein","groß","petit","grand","big","groß","grand"
"PICTURE_8_LITTLE.jpg","leg","Bein","jambe","little","kleines","petite","Drücken Sie die Leertaste um fortzufahren","Press the spacebar to continue","Appuyez sur la barre d'espace pour continuer","bottle","Flasche","bouteille",TRUE,"Bein","leg","jambe","old","alt","klein","vieux","petit","little","klein","petit"
"PICTURE_8_NEW.jpg","leg","Bein","jambe","new","neues","nouvelle","Drücken Sie die Leertaste um fortzufahren","Press the spacebar to continue","Appuyez sur la barre d'espace pour continuer","drawer","Schublade","tiroir",TRUE,"Bein","leg","jambe","big","groß","neu","grand","nouveau","new","neu","nouveau"
"PICTURE_8_OLD.jpg","leg","Bein","jambe","old","altes","vieille","Drücken Sie die Leertaste um fortzufahren","Press the spacebar to continue","Appuyez sur la barre d'espace pour continuer","bow","Bogen","arc",TRUE,"Bein","leg","jambe","new","neu","alt","nouveau","vieux","old","alt","vieux"
"PICTURE_691_BIG.jpg","man","Mann","homme","big","großer","grand","Drücken Sie die Leertaste um fortzufahren","Press the spacebar to continue","Appuyez sur la barre d'espace pour continuer","ant","Ameise","fourmi",FALSE,"Ameise","ant","fourmi","little","klein","groß","petit","grand","little","klein","petit"
"PICTURE_691_LITTLE.jpg","man","Mann","homme","little","kleiner","petit","Drücken Sie die Leertaste um fortzufahren","Press the spacebar to continue","Appuyez sur la barre d'espace pour continuer","bottle","Flasche","bouteille",FALSE,"Flasche","bottle","bouteille","new","neu","klein","nouveau","petit","new","neu","nouveau"
"PICTURE_691_NEW.jpg","man","Mann","homme","new","neuer","nouvel","Drücken Sie die Leertaste um fortzufahren","Press the spacebar to continue","Appuyez sur la barre d'espace pour continuer","drawer","Schublade","tiroir",FALSE,"Schublade","drawer","tiroir","old","alt","neu","vieux","nouveau","old","alt","vieux"
"PICTURE_691_OLD.jpg","man","Mann","homme","old","alter","vieil","Drücken Sie die Leertaste um fortzufahren","Press the spacebar to continue","Appuyez sur la barre d'espace pour continuer","ear","Ohr","oreille",FALSE,"Ohr","ear","oreille","big","groß","alt","grand","vieux","big","groß","grand"
"PICTURE_691_BIG.jpg","man","Mann","homme","big","großer","grand","Drücken Sie die Leertaste um fortzufahren","Press the spacebar to continue","Appuyez sur la barre d'espace pour continuer","ant","Ameise","fourmi",TRUE,"Mann","man","homme","little","klein","groß","petit","grand","big","groß","grand"
"PICTURE_691_LITTLE.jpg","man","Mann","homme","little","kleiner","petit","Drücken Sie die Leertaste um fortzufahren","Press the spacebar to continue","Appuyez sur la barre d'espace pour continuer","bottle","Flasche","bouteille",TRUE,"Mann","man","homme","new","neu","klein","nouveau","petit","little","klein","petit"
"PICTURE_691_NEW.jpg","man","Mann","homme","new","neuer","nouvel","Drücken Sie die Leertaste um fortzufahren","Press the spacebar to continue","Appuyez sur la barre d'espace pour continuer","drawer","Schublade","tiroir",TRUE,"Mann","man","homme","old","alt","neu","vieux","nouveau","new","neu","nouveau"
"PICTURE_691_OLD.jpg","man","Mann","homme","old","alter","vieil","Drücken Sie die Leertaste um fortzufahren","Press the spacebar to continue","Appuyez sur la barre d'espace pour continuer","ear","Ohr","oreille",TRUE,"Mann","man","homme","big","groß","alt","grand","vieux","old","alt","vieux"
"PICTURE_580_BIG.jpg","nurse","Krankenschwester","infirmière","big","große","grande","Drücken Sie die Leertaste um fortzufahren","Press the spacebar to continue","Appuyez sur la barre d'espace pour continuer","harp","Harfe","harpe",FALSE,"Harfe","harp","harpe","new","neu","groß","nouveau","grand","new","neu","nouveau"
"PICTURE_580_LITTLE.jpg","nurse","Krankenschwester","infirmière","little","kleine","petite","Drücken Sie die Leertaste um fortzufahren","Press the spacebar to continue","Appuyez sur la barre d'espace pour continuer","spider","Spinne","araignée",FALSE,"Spinne","spider","araignée","old","alt","klein","vieux","petit","old","alt","vieux"
"PICTURE_580_NEW.jpg","nurse","Krankenschwester","infirmière","new","neue","nouvelle","Drücken Sie die Leertaste um fortzufahren","Press the spacebar to continue","Appuyez sur la barre d'espace pour continuer","present","Geschenk","cadeau",FALSE,"Geschenk","present","cadeau","little","klein","neu","petit","nouveau","little","klein","petit"
"PICTURE_580_OLD.jpg","nurse","Krankenschwester","infirmière","old","alte","vieille","Drücken Sie die Leertaste um fortzufahren","Press the spacebar to continue","Appuyez sur la barre d'espace pour continuer","tooth","Zahn","dent",FALSE,"Zahn","tooth","dent","big","groß","alt","grand","vieux","big","groß","grand"
"PICTURE_580_BIG.jpg","nurse","Krankenschwester","infirmière","big","große","grande","Drücken Sie die Leertaste um fortzufahren","Press the spacebar to continue","Appuyez sur la barre d'espace pour continuer","harp","Harfe","harpe",TRUE,"Krankenschwester","nurse","infirmière","old","alt","groß","vieux","grand","big","groß","grand"
"PICTURE_580_LITTLE.jpg","nurse","Krankenschwester","infirmière","little","kleine","petite","Drücken Sie die Leertaste um fortzufahren","Press the spacebar to continue","Appuyez sur la barre d'espace pour continuer","spider","Spinne","araignée",TRUE,"Krankenschwester","nurse","infirmière","big","groß","klein","grand","petit","little","klein","petit"
"PICTURE_580_NEW.jpg","nurse","Krankenschwester","infirmière","new","neue","nouvelle","Drücken Sie die Leertaste um fortzufahren","Press the spacebar to continue","Appuyez sur la barre d'espace pour continuer","present","Geschenk","cadeau",TRUE,"Krankenschwester","nurse","infirmière","little","klein","neu","petit","nouveau","new","neu","nouveau"
"PICTURE_580_OLD.jpg","nurse","Krankenschwester","infirmière","old","alte","vieille","Drücken Sie die Leertaste um fortzufahren","Press the spacebar to continue","Appuyez sur la barre d'espace pour continuer","tooth","Zahn","dent",TRUE,"Krankenschwester","nurse","infirmière","new","neu","alt","nouveau","vieux","old","alt","vieux"
"PICTURE_299_BIG.jpg","ostrich","Strauß","autruche","big","großer","grande","Drücken Sie die Leertaste um fortzufahren","Press the spacebar to continue","Appuyez sur la barre d'espace pour continuer","shower","Dusche","douche",FALSE,"Dusche","shower","douche","new","neu","groß","nouveau","grand","new","neu","nouveau"
"PICTURE_299_LITTLE.jpg","ostrich","Strauß","autruche","little","kleiner","petite","Drücken Sie die Leertaste um fortzufahren","Press the spacebar to continue","Appuyez sur la barre d'espace pour continuer","cow","Kuh","vache",FALSE,"Kuh","cow","vache","old","alt","klein","vieux","petit","old","alt","vieux"
"PICTURE_299_NEW.jpg","ostrich","Strauß","autruche","new","neuer","nouvelle","Drücken Sie die Leertaste um fortzufahren","Press the spacebar to continue","Appuyez sur la barre d'espace pour continuer","ear","Ohr","oreille",FALSE,"Ohr","ear","oreille","big","groß","neu","grand","nouveau","big","groß","grand"
"PICTURE_299_OLD.jpg","ostrich","Strauß","autruche","old","alter","vieille","Drücken Sie die Leertaste um fortzufahren","Press the spacebar to continue","Appuyez sur la barre d'espace pour continuer","spider","Spinne","araignée",FALSE,"Spinne","spider","araignée","little","klein","alt","petit","vieux","little","klein","petit"
"PICTURE_299_BIG.jpg","ostrich","Strauß","autruche","big","großer","grande","Drücken Sie die Leertaste um fortzufahren","Press the spacebar to continue","Appuyez sur la barre d'espace pour continuer","shower","Dusche","douche",TRUE,"Strauß","ostrich","autruche","little","klein","groß","petit","grand","big","groß","grand"
"PICTURE_299_LITTLE.jpg","ostrich","Strauß","autruche","little","kleiner","petite","Drücken Sie die Leertaste um fortzufahren","Press the spacebar to continue","Appuyez sur la barre d'espace pour continuer","cow","Kuh","vache",TRUE,"Strauß","ostrich","autruche","old","alt","klein","vieux","petit","little","klein","petit"
"PICTURE_299_NEW.jpg","ostrich","Strauß","autruche","new","neuer","nouvelle","Drücken Sie die Leertaste um fortzufahren","Press the spacebar to continue","Appuyez sur la barre d'espace pour continuer","ear","Ohr","oreille",TRUE,"Strauß","ostrich","autruche","big","groß","neu","grand","nouveau","new","neu","nouveau"
"PICTURE_299_OLD.jpg","ostrich","Strauß","autruche","old","alter","vieille","Drücken Sie die Leertaste um fortzufahren","Press the spacebar to continue","Appuyez sur la barre d'espace pour continuer","spider","Spinne","araignée",TRUE,"Strauß","ostrich","autruche","new","neu","alt","nouveau","vieux","old","alt","vieux"
"PICTURE_148_BIG.jpg","pipe","Pfeife","pipe","big","große","grande","Drücken Sie die Leertaste um fortzufahren","Press the spacebar to continue","Appuyez sur la barre d'espace pour continuer","harp","Harfe","harpe",FALSE,"Harfe","harp","harpe","old","alt","groß","vieux","grand","old","alt","vieux"
"PICTURE_148_LITTLE.jpg","pipe","Pfeife","pipe","little","kleine","petite","Drücken Sie die Leertaste um fortzufahren","Press the spacebar to continue","Appuyez sur la barre d'espace pour continuer","cow","Kuh","vache",FALSE,"Kuh","cow","vache","new","neu","klein","nouveau","petit","new","neu","nouveau"
"PICTURE_148_NEW.jpg","pipe","Pfeife","pipe","new","neue","nouvelle","Drücken Sie die Leertaste um fortzufahren","Press the spacebar to continue","Appuyez sur la barre d'espace pour continuer","devil","Teufel","diable",FALSE,"Teufel","devil","diable","big","groß","neu","grand","nouveau","big","groß","grand"
"PICTURE_148_OLD.jpg","pipe","Pfeife","pipe","old","alte","vieille","Drücken Sie die Leertaste um fortzufahren","Press the spacebar to continue","Appuyez sur la barre d'espace pour continuer","cucumber","Gurke","concombre",FALSE,"Gurke","cucumber","concombre","little","klein","alt","petit","vieux","little","klein","petit"
"PICTURE_148_BIG.jpg","pipe","Pfeife","pipe","big","große","grande","Drücken Sie die Leertaste um fortzufahren","Press the spacebar to continue","Appuyez sur la barre d'espace pour continuer","harp","Harfe","harpe",TRUE,"Pfeife","pipe","pipe","little","klein","groß","petit","grand","big","groß","grand"
"PICTURE_148_LITTLE.jpg","pipe","Pfeife","pipe","little","kleine","petite","Drücken Sie die Leertaste um fortzufahren","Press the spacebar to continue","Appuyez sur la barre d'espace pour continuer","cow","Kuh","vache",TRUE,"Pfeife","pipe","pipe","old","alt","klein","vieux","petit","little","klein","petit"
"PICTURE_148_NEW.jpg","pipe","Pfeife","pipe","new","neue","nouvelle","Drücken Sie die Leertaste um fortzufahren","Press the spacebar to continue","Appuyez sur la barre d'espace pour continuer","devil","Teufel","diable",TRUE,"Pfeife","pipe","pipe","big","groß","neu","grand","nouveau","new","neu","nouveau"
"PICTURE_148_OLD.jpg","pipe","Pfeife","pipe","old","alte","vieille","Drücken Sie die Leertaste um fortzufahren","Press the spacebar to continue","Appuyez sur la barre d'espace pour continuer","cucumber","Gurke","concombre",TRUE,"Pfeife","pipe","pipe","new","neu","alt","nouveau","vieux","old","alt","vieux"
"PICTURE_338_BIG.jpg","present","Geschenk","cadeau","big","großes","grand","Drücken Sie die Leertaste um fortzufahren","Press the spacebar to continue","Appuyez sur la barre d'espace pour continuer","nurse","Krankenschwester","infirmière",FALSE,"Krankenschwester","nurse","infirmière","old","alt","groß","vieux","grand","old","alt","vieux"
"PICTURE_338_LITTLE.jpg","present","Geschenk","cadeau","little","kleines","petit","Drücken Sie die Leertaste um fortzufahren","Press the spacebar to continue","Appuyez sur la barre d'espace pour continuer","shower","Dusche","douche",FALSE,"Dusche","shower","douche","new","neu","klein","nouveau","petit","new","neu","nouveau"
"PICTURE_338_NEW.jpg","present","Geschenk","cadeau","new","neues","nouveau","Drücken Sie die Leertaste um fortzufahren","Press the spacebar to continue","Appuyez sur la barre d'espace pour continuer","ant","Ameise","fourmi",FALSE,"Ameise","ant","fourmi","big","groß","neu","grand","nouveau","big","groß","grand"
"PICTURE_338_OLD.jpg","present","Geschenk","cadeau","old","altes","vieux","Drücken Sie die Leertaste um fortzufahren","Press the spacebar to continue","Appuyez sur la barre d'espace pour continuer","cucumber","Gurke","concombre",FALSE,"Gurke","cucumber","concombre","little","klein","alt","petit","vieux","little","klein","petit"
"PICTURE_338_BIG.jpg","present","Geschenk","cadeau","big","großes","grand","Drücken Sie die Leertaste um fortzufahren","Press the spacebar to continue","Appuyez sur la barre d'espace pour continuer","nurse","Krankenschwester","infirmière",TRUE,"Geschenk","present","cadeau","little","klein","groß","petit","grand","big","groß","grand"
"PICTURE_338_LITTLE.jpg","present","Geschenk","cadeau","little","kleines","petit","Drücken Sie die Leertaste um fortzufahren","Press the spacebar to continue","Appuyez sur la barre d'espace pour continuer","shower","Dusche","douche",TRUE,"Geschenk","present","cadeau","big","groß","klein","grand","petit","little","klein","petit"
"PICTURE_338_NEW.jpg","present","Geschenk","cadeau","new","neues","nouveau","Drücken Sie die Leertaste um fortzufahren","Press the spacebar to continue","Appuyez sur la barre d'espace pour continuer","ant","Ameise","fourmi",TRUE,"Geschenk","present","cadeau","old","alt","neu","vieux","nouveau","new","neu","nouveau"
"PICTURE_338_OLD.jpg","present","Geschenk","cadeau","old","altes","vieux","Drücken Sie die Leertaste um fortzufahren","Press the spacebar to continue","Appuyez sur la barre d'espace pour continuer","cucumber","Gurke","concombre",TRUE,"Geschenk","present","cadeau","new","neu","alt","nouveau","vieux","old","alt","vieux"
"PICTURE_9_BIG.jpg","shower","Dusche","douche","big","große","grande","Drücken Sie die Leertaste um fortzufahren","Press the spacebar to continue","Appuyez sur la barre d'espace pour continuer","spider","Spinne","araignée",FALSE,"Spinne","spider","araignée","new","neu","groß","nouveau","grand","new","neu","nouveau"
"PICTURE_9_LITTLE.jpg","shower","Dusche","douche","little","kleine","petite","Drücken Sie die Leertaste um fortzufahren","Press the spacebar to continue","Appuyez sur la barre d'espace pour continuer","man","Mann","homme",FALSE,"Mann","man","homme","old","alt","klein","vieux","petit","old","alt","vieux"
"PICTURE_9_NEW.jpg","shower","Dusche","douche","new","neue","nouvelle","Drücken Sie die Leertaste um fortzufahren","Press the spacebar to continue","Appuyez sur la barre d'espace pour continuer","giraffe","Giraffe","girafe",FALSE,"Giraffe","giraffe","girafe","little","klein","neu","petit","nouveau","little","klein","petit"
"PICTURE_9_OLD.jpg","shower","Dusche","douche","old","alte","vieille","Drücken Sie die Leertaste um fortzufahren","Press the spacebar to continue","Appuyez sur la barre d'espace pour continuer","bow","Bogen","arc",FALSE,"Bogen","bow","arc","big","groß","alt","grand","vieux","big","groß","grand"
"PICTURE_9_BIG.jpg","shower","Dusche","douche","big","große","grande","Drücken Sie die Leertaste um fortzufahren","Press the spacebar to continue","Appuyez sur la barre d'espace pour continuer","spider","Spinne","araignée",TRUE,"Dusche","shower","douche","new","neu","groß","nouveau","grand","big","groß","grand"
"PICTURE_9_LITTLE.jpg","shower","Dusche","douche","little","kleine","petite","Drücken Sie die Leertaste um fortzufahren","Press the spacebar to continue","Appuyez sur la barre d'espace pour continuer","man","Mann","homme",TRUE,"Dusche","shower","douche","old","alt","klein","vieux","petit","little","klein","petit"
"PICTURE_9_NEW.jpg","shower","Dusche","douche","new","neue","nouvelle","Drücken Sie die Leertaste um fortzufahren","Press the spacebar to continue","Appuyez sur la barre d'espace pour continuer","giraffe","Giraffe","girafe",TRUE,"Dusche","shower","douche","big","groß","neu","grand","nouveau","new","neu","nouveau"
"PICTURE_9_OLD.jpg","shower","Dusche","douche","old","alte","vieille","Drücken Sie die Leertaste um fortzufahren","Press the spacebar to continue","Appuyez sur la barre d'espace pour continuer","bow","Bogen","arc",TRUE,"Dusche","shower","douche","little","klein","alt","petit","vieux","old","alt","vieux"
"PICTURE_152_BIG.jpg","snail","Schnecke","escargot","big","große","grand","Drücken Sie die Leertaste um fortzufahren","Press the spacebar to continue","Appuyez sur la barre d'espace pour continuer","pipe","Pfeife","pipe",FALSE,"Pfeife","pipe","pipe","little","klein","groß","petit","grand","little","klein","petit"
"PICTURE_152_LITTLE.jpg","snail","Schnecke","escargot","little","kleine","petit","Drücken Sie die Leertaste um fortzufahren","Press the spacebar to continue","Appuyez sur la barre d'espace pour continuer","dog","Hund","chien",FALSE,"Hund","dog","chien","new","neu","klein","nouveau","petit","new","neu","nouveau"
"PICTURE_152_NEW.jpg","snail","Schnecke","escargot","new","neue","nouvel","Drücken Sie die Leertaste um fortzufahren","Press the spacebar to continue","Appuyez sur la barre d'espace pour continuer","harp","Harfe","harpe",FALSE,"Harfe","harp","harpe","old","alt","neu","vieux","nouveau","old","alt","vieux"
"PICTURE_152_OLD.jpg","snail","Schnecke","escargot","old","alte","vieil","Drücken Sie die Leertaste um fortzufahren","Press the spacebar to continue","Appuyez sur la barre d'espace pour continuer","ostrich","Strauß","autruche",FALSE,"Strauß","ostrich","autruche","big","groß","alt","grand","vieux","big","groß","grand"
"PICTURE_152_BIG.jpg","snail","Schnecke","escargot","big","große","grand","Drücken Sie die Leertaste um fortzufahren","Press the spacebar to continue","Appuyez sur la barre d'espace pour continuer","pipe","Pfeife","pipe",TRUE,"Schnecke","snail","escargot","old","alt","groß","vieux","grand","big","groß","grand"
"PICTURE_152_LITTLE.jpg","snail","Schnecke","escargot","little","kleine","petit","Drücken Sie die Leertaste um fortzufahren","Press the spacebar to continue","Appuyez sur la barre d'espace pour continuer","dog","Hund","chien",TRUE,"Schnecke","snail","escargot","big","groß","klein","grand","petit","little","klein","petit"
"PICTURE_152_NEW.jpg","snail","Schnecke","escargot","new","neue","nouvel","Drücken Sie die Leertaste um fortzufahren","Press the spacebar to continue","Appuyez sur la barre d'espace pour continuer","harp","Harfe","harpe",TRUE,"Schnecke","snail","escargot","little","klein","neu","petit","nouveau","new","neu","nouveau"
"PICTURE_152_OLD.jpg","snail","Schnecke","escargot","old","alte","vieil","Drücken Sie die Leertaste um fortzufahren","Press the spacebar to continue","Appuyez sur la barre d'espace pour continuer","ostrich","Strauß","autruche",TRUE,"Schnecke","snail","escargot","new","neu","alt","nouveau","vieux","old","alt","vieux"
"PICTURE_38_BIG.jpg","spider","Spinne","araignée","big","große","grande","Drücken Sie die Leertaste um fortzufahren","Press the spacebar to continue","Appuyez sur la barre d'espace pour continuer","anchor","Anker","ancre",FALSE,"Anker","anchor","ancre","old","alt","groß","vieux","grand","old","alt","vieux"
"PICTURE_38_LITTLE.jpg","spider","Spinne","araignée","little","kleine","petite","Drücken Sie die Leertaste um fortzufahren","Press the spacebar to continue","Appuyez sur la barre d'espace pour continuer","present","Geschenk","cadeau",FALSE,"Geschenk","present","cadeau","new","neu","klein","nouveau","petit","new","neu","nouveau"
"PICTURE_38_NEW.jpg","spider","Spinne","araignée","new","neue","nouvelle","Drücken Sie die Leertaste um fortzufahren","Press the spacebar to continue","Appuyez sur la barre d'espace pour continuer","dog","Hund","chien",FALSE,"Hund","dog","chien","little","klein","neu","petit","nouveau","little","klein","petit"
"PICTURE_38_OLD.jpg","spider","Spinne","araignée","old","alte","vieille","Drücken Sie die Leertaste um fortzufahren","Press the spacebar to continue","Appuyez sur la barre d'espace pour continuer","hippo","Nilpferd","hippopotame",FALSE,"Nilpferd","hippo","hippopotame","big","groß","alt","grand","vieux","big","groß","grand"
"PICTURE_38_BIG.jpg","spider","Spinne","araignée","big","große","grande","Drücken Sie die Leertaste um fortzufahren","Press the spacebar to continue","Appuyez sur la barre d'espace pour continuer","anchor","Anker","ancre",TRUE,"Spinne","spider","araignée","little","klein","groß","petit","grand","big","groß","grand"
"PICTURE_38_LITTLE.jpg","spider","Spinne","araignée","little","kleine","petite","Drücken Sie die Leertaste um fortzufahren","Press the spacebar to continue","Appuyez sur la barre d'espace pour continuer","present","Geschenk","cadeau",TRUE,"Spinne","spider","araignée","old","alt","klein","vieux","petit","little","klein","petit"
"PICTURE_38_NEW.jpg","spider","Spinne","araignée","new","neue","nouvelle","Drücken Sie die Leertaste um fortzufahren","Press the spacebar to continue","Appuyez sur la barre d'espace pour continuer","dog","Hund","chien",TRUE,"Spinne","spider","araignée","big","groß","neu","grand","nouveau","new","neu","nouveau"
"PICTURE_38_OLD.jpg","spider","Spinne","araignée","old","alte","vieille","Drücken Sie die Leertaste um fortzufahren","Press the spacebar to continue","Appuyez sur la barre d'espace pour continuer","hippo","Nilpferd","hippopotame",TRUE,"Spinne","spider","araignée","new","neu","alt","nouveau","vieux","old","alt","vieux"
"PICTURE_447_BIG.jpg","star","Stern","étoile","big","großer","grande","Drücken Sie die Leertaste um fortzufahren","Press the spacebar to continue","Appuyez sur la barre d'espace pour continuer","hippo","Nilpferd","hippopotame",FALSE,"Nilpferd","hippo","hippopotame","little","klein","groß","petit","grand","little","klein","petit"
"PICTURE_447_LITTLE.jpg","star","Stern","étoile","little","kleiner","petite","Drücken Sie die Leertaste um fortzufahren","Press the spacebar to continue","Appuyez sur la barre d'espace pour continuer","harp","Harfe","harpe",FALSE,"Harfe","harp","harpe","new","neu","klein","nouveau","petit","new","neu","nouveau"
"PICTURE_447_NEW.jpg","star","Stern","étoile","new","neuer","nouvelle","Drücken Sie die Leertaste um fortzufahren","Press the spacebar to continue","Appuyez sur la barre d'espace pour continuer","devil","Teufel","diable",FALSE,"Teufel","devil","diable","old","alt","neu","vieux","nouveau","old","alt","vieux"
"PICTURE_447_OLD.jpg","star","Stern","étoile","old","alter","vieille","Drücken Sie die Leertaste um fortzufahren","Press the spacebar to continue","Appuyez sur la barre d'espace pour continuer","spider","Spinne","araignée",FALSE,"Spinne","spider","araignée","big","groß","alt","grand","vieux","big","groß","grand"
"PICTURE_447_BIG.jpg","star","Stern","étoile","big","großer","grande","Drücken Sie die Leertaste um fortzufahren","Press the spacebar to continue","Appuyez sur la barre d'espace pour continuer","hippo","Nilpferd","hippopotame",TRUE,"Stern","star","étoile","old","alt","groß","vieux","grand","big","groß","grand"
"PICTURE_447_LITTLE.jpg","star","Stern","étoile","little","kleiner","petite","Drücken Sie die Leertaste um fortzufahren","Press the spacebar to continue","Appuyez sur la barre d'espace pour continuer","harp","Harfe","harpe",TRUE,"Stern","star","étoile","new","neu","klein","nouveau","petit","little","klein","petit"
"PICTURE_447_NEW.jpg","star","Stern","étoile","new","neuer","nouvelle","Drücken Sie die Leertaste um fortzufahren","Press the spacebar to continue","Appuyez sur la barre d'espace pour continuer","devil","Teufel","diable",TRUE,"Stern","star","étoile","little","klein","neu","petit","nouveau","new","neu","nouveau"
"PICTURE_447_OLD.jpg","star","Stern","étoile","old","alter","vieille","Drücken Sie die Leertaste um fortzufahren","Press the spacebar to continue","Appuyez sur la barre d'espace pour continuer","spider","Spinne","araignée",TRUE,"Stern","star","étoile","big","groß","alt","grand","vieux","old","alt","vieux"
"PICTURE_569_BIG.jpg","tooth","Zahn","dent","big","großer","grande","Drücken Sie die Leertaste um fortzufahren","Press the spacebar to continue","Appuyez sur la barre d'espace pour continuer","hedgehog","Igel","hérisson",FALSE,"Igel","hedgehog","hérisson","old","alt","groß","vieux","grand","old","alt","vieux"
"PICTURE_569_LITTLE.jpg","tooth","Zahn","dent","little","kleiner","petite","Drücken Sie die Leertaste um fortzufahren","Press the spacebar to continue","Appuyez sur la barre d'espace pour continuer","island","Insel","île",FALSE,"Insel","island","île","new","neu","klein","nouveau","petit","new","neu","nouveau"
"PICTURE_569_NEW.jpg","tooth","Zahn","dent","new","neuer","nouvelle","Drücken Sie die Leertaste um fortzufahren","Press the spacebar to continue","Appuyez sur la barre d'espace pour continuer","computer","Computer","ordinateur",FALSE,"Computer","computer","ordinateur","big","groß","neu","grand","nouveau","big","groß","grand"
"PICTURE_569_OLD.jpg","tooth","Zahn","dent","old","alter","vieille","Drücken Sie die Leertaste um fortzufahren","Press the spacebar to continue","Appuyez sur la barre d'espace pour continuer","snail","Schnecke","escargot",FALSE,"Schnecke","snail","escargot","little","klein","alt","petit","vieux","little","klein","petit"
"PICTURE_569_BIG.jpg","tooth","Zahn","dent","big","großer","grande","Drücken Sie die Leertaste um fortzufahren","Press the spacebar to continue","Appuyez sur la barre d'espace pour continuer","hedgehog","Igel","hérisson",TRUE,"Zahn","tooth","dent","little","klein","groß","petit","grand","big","groß","grand"
"PICTURE_569_LITTLE.jpg","tooth","Zahn","dent","little","kleiner","petite","Drücken Sie die Leertaste um fortzufahren","Press the spacebar to continue","Appuyez sur la barre d'espace pour continuer","island","Insel","île",TRUE,"Zahn","tooth","dent","old","alt","klein","vieux","petit","little","klein","petit"
"PICTURE_569_NEW.jpg","tooth","Zahn","dent","new","neuer","nouvelle","Drücken Sie die Leertaste um fortzufahren","Press the spacebar to continue","Appuyez sur la barre d'espace pour continuer","computer","Computer","ordinateur",TRUE,"Zahn","tooth","dent","big","groß","neu","grand","nouveau","new","neu","nouveau"
"PICTURE_569_OLD.jpg","tooth","Zahn","dent","old","alter","vieille","Drücken Sie die Leertaste um fortzufahren","Press the spacebar to continue","Appuyez sur la barre d'espace pour continuer","snail","Schnecke","escargot",TRUE,"Zahn","tooth","dent","new","neu","alt","nouveau","vieux","old","alt","vieux"
